variant,seed,fmax_mhz,target_clock_mhz,trellis_comb_used
int8,1,66.36,50,3084
int8,2,65.46,50,3084
int8,3,67.7,50,3084
int8,4,67.45,50,3084
int8,5,66.58,50,3084
int8,6,66.38,50,3084
int8,7,66.88,50,3084
int8,8,69.59,50,3084
int8,9,67.5,50,3084
int8,10,66.51,50,3084
int4,1,65.48,50,2910
int4,2,66.86,50,2910
int4,3,67.92,50,2910
int4,4,68.03,50,2910
int4,5,65.18,50,2910
int4,6,64.77,50,2910
int4,7,71.31,50,2910
int4,8,68.93,50,2910
int4,9,66.88,50,2910
int4,10,64.85,50,2910
int8_nodsp,1,60.63,50,5035
int8_nodsp,2,60.69,50,5035
int8_nodsp,3,64.37,50,5035
int8_nodsp,4,62.2,50,5035
int8_nodsp,5,63.87,50,5035
int8_nodsp,6,63.33,50,5035
int8_nodsp,7,60.23,50,5035
int8_nodsp,8,60.68,50,5035
int8_nodsp,9,63.95,50,5035
int8_nodsp,10,62.42,50,5035
int4_nodsp,1,79.0,50,3063
int4_nodsp,2,74.29,50,3063
int4_nodsp,3,78.31,50,3063
int4_nodsp,4,79.23,50,3063
int4_nodsp,5,75.1,50,3063
int4_nodsp,6,79.69,50,3063
int4_nodsp,7,71.71,50,3063
int4_nodsp,8,74.29,50,3063
int4_nodsp,9,77.94,50,3063
int4_nodsp,10,76.22,50,3063
